employeeId,employeeFirstName,employeeLastName,employeeSalary,employeeEmail,employeeAddress,
1,Bennie,Soff,2910.64791,bsoff0@phpbb.com,Room 685,
2,Hanson,Whittlesea,3347.44578,hwhittlesea1@quantcast.com,Room 1222,
3,Dorena,Peploe,7713.08455,dpeploe2@sbwire.com,Room 1831,
4,Ciel,Pinkstone,8855.84041,cpinkstone3@addthis.com,Suite 2,
5,Cleavland,Vase,2753.63093,cvase4@people.com.cn,Apt 212,
6,Lambert,Leatham,1769.80656,lleatham5@usatoday.com,Suite 78,
7,Dael,Reedick,5975.16529,dreedick6@phoca.cz,13th Floor,
8,Caryn,Esberger,9525.74621,cesberger7@tuttocitta.it,Suite 97,
9,Everard,Lowder,1070.32828,elowder8@howstuffworks.com,19th Floor,
10,Brinn,Haselup,1114.00367,bhaselup9@usnews.com,Suite 22,
11,Aldridge,Treslove,364.9422,atreslovea@istockphoto.com,7th Floor,
12,Harriette,Friend,921.97886,hfriendb@yandex.ru,Room 272,
13,Reggie,Goom,1763.00614,rgoomc@parallels.com,Room 1727,
14,Rand,Coslett,7902.23895,rcoslettd@house.gov,Room 527,
15,Bernadina,Eannetta,196.62511,beannettae@photobucket.com,4th Floor,
16,Dyana,Fulep,7371.49759,dfulepf@usgs.gov,1st Floor,
17,Antonina,Tunnadine,8923.94692,atunnadineg@seattletimes.com,Room 1514,
18,Amos,Kemmer,2135.89641,akemmerh@friendfeed.com,PO Box 60307,
19,Harmon,Yeld,6005.55572,hyeldi@zimbio.com,Apt 124,
20,Cleve,Caunt,1641.84824,ccauntj@patch.com,10th Floor,
21,Audrey,Van Der Hoog,2115.113,avanderhoogk@addtoany.com,19th Floor,
22,Joachim,Eakly,4256.54248,jeaklyl@merriam-webster.com,17th Floor,
23,Meagan,Tuddenham,5435.05364,mtuddenhamm@topsy.com,Suite 14,
24,Jake,Willoughley,5751.04137,jwilloughleyn@gizmodo.com,Room 1545,
25,Kimbell,McGready,5861.25822,kmcgreadyo@bravesites.com,Suite 77,
26,Tiebold,Schust,5397.30911,tschustp@paginegialle.it,Room 1663,
27,Brice,Vasilischev,2785.75269,bvasilischevq@yahoo.com,Apt 1751,
28,Virgina,Garrigan,8889.19175,vgarriganr@theglobeandmail.com,6th Floor,
29,Carma,Pardi,8909.32297,cpardis@baidu.com,Suite 99,
30,Van,Beveridge,585.64836,vbeveridget@europa.eu,Room 1405,
31,Maxim,Donet,9425.79009,mdonetu@cbsnews.com,Suite 33,
32,Valerye,Covert,3631.74633,vcovertv@youtube.com,Suite 49,
33,Lavinie,Furneaux,2855.03671,lfurneauxw@youtube.com,Apt 1936,
34,Kelcie,Heale,4184.79654,khealex@businessinsider.com,19th Floor,
35,Johnathan,Downie,2006.36557,jdowniey@altervista.org,17th Floor,
36,Allyson,Bacon,1598.95484,abaconz@ocn.ne.jp,Room 35,
37,Elsworth,Harry,833.40383,eharry10@eventbrite.com,Apt 1908,
38,Emmerich,Cawkwell,5429.27979,ecawkwell11@jalbum.net,3rd Floor,
39,Aggi,MacLardie,5538.15647,amaclardie12@buzzfeed.com,Apt 1773,
40,George,Folbigg,5377.35121,gfolbigg13@miitbeian.gov.cn,Room 570,
41,Tamarra,Snary,3794.91484,tsnary14@bigcartel.com,Room 390,
42,Willamina,Rosenstock,5594.70396,wrosenstock15@issuu.com,Room 1566,
43,Collette,Gronaver,6214.00524,cgronaver16@weibo.com,PO Box 29477,
44,Wade,Didball,7329.98172,wdidball17@huffingtonpost.com,Suite 53,
45,Nanete,Huckabe,6273.592,nhuckabe18@twitter.com,Room 682,
46,Park,Libri,8383.93613,plibri19@omniture.com,Suite 2,
47,Josi,Woodus,4383.74281,jwoodus1a@arizona.edu,Apt 531,
48,Abigale,Livens,4601.59544,alivens1b@cafepress.com,Suite 89,
49,Kerk,Dublin,6037.88208,kdublin1c@cnet.com,Suite 48,
50,Jude,Goroni,4561.53443,jgoroni1d@wikipedia.org,Suite 90,
51,Wynn,Hampshaw,3141.02138,whampshaw1e@livejournal.com,Suite 15,
52,Arlyn,Tregear,8083.46292,atregear1f@list-manage.com,Room 1458,
53,Lou,Beverage,8419.97283,lbeverage1g@twitpic.com,Apt 1180,
54,Nealon,Strowthers,5473.31342,nstrowthers1h@tmall.com,Suite 32,
55,Kip,Dollin,7878.27292,kdollin1i@hugedomains.com,Room 335,
56,Amory,Fodden,4138.35668,afodden1j@digg.com,Apt 202,
57,Gonzales,Cecchi,297.82781,gcecchi1k@gnu.org,PO Box 67717,
58,Loren,Edmands,5738.21552,ledmands1l@a8.net,Room 1757,
59,Hertha,Melladew,7990.51605,hmelladew1m@shinystat.com,Apt 661,
60,Analiese,Le Count,5801.08195,alecount1n@mayoclinic.com,Apt 378,
61,Katlin,Kingsworth,8435.74606,kkingsworth1o@cbc.ca,PO Box 75535,
62,Elga,Mallia,7263.37944,emallia1p@vinaora.com,Apt 1238,
63,Yettie,Jiri,9716.29293,yjiri1q@washingtonpost.com,19th Floor,
64,Orelle,Harbord,6654.85035,oharbord1r@youku.com,Suite 100,
65,Alano,Hurlin,4996.02851,ahurlin1s@guardian.co.uk,Room 773,
66,Constance,Dregan,520.00787,cdregan1t@tinypic.com,PO Box 49381,
67,Arleyne,Dalyiel,3242.81745,adalyiel1u@vimeo.com,3rd Floor,
68,Chico,Pavluk,6571.06247,cpavluk1v@woothemes.com,PO Box 6286,
69,Fabien,Salasar,506.71366,fsalasar1w@walmart.com,Room 1029,
70,Gerhard,MacCurley,2123.93726,gmaccurley1x@blinklist.com,Suite 96,
71,Marvin,Matthius,5575.26515,mmatthius1y@livejournal.com,Room 1801,
72,Ardith,Puckring,9691.6063,apuckring1z@chronoengine.com,PO Box 73164,
73,Hodge,Denisyuk,4282.0142,hdenisyuk20@ezinearticles.com,Room 626,
74,Libby,Pawson,1453.3992,lpawson21@about.me,Suite 100,
75,Sallie,Spurling,3617.05441,sspurling22@oaic.gov.au,4th Floor,
76,Petra,Vallens,2589.88574,pvallens23@globo.com,Suite 55,
77,Colan,Rowbrey,3403.71813,crowbrey24@yandex.ru,PO Box 39433,
78,Holly-anne,Cuttler,1438.31904,hcuttler25@scientificamerican.com,Room 413,
79,Somerset,Kinnear,1994.91965,skinnear26@4shared.com,11th Floor,
80,Davina,Kerrane,6111.68359,dkerrane27@theglobeandmail.com,Room 1327,
81,Dalli,Abbots,6527.72871,dabbots28@zimbio.com,15th Floor,
82,Arlana,Pilgrim,3640.32856,apilgrim29@dot.gov,11th Floor,
83,Alric,Keble,9312.16592,akeble2a@xing.com,Room 920,
84,Leicester,Elgey,911.01618,lelgey2b@chron.com,Apt 212,
85,Jules,Tootal,5385.82425,jtootal2c@php.net,Apt 1982,
86,Yetty,Shorrock,1448.92457,yshorrock2d@mit.edu,PO Box 65773,
87,Verla,Hlavac,9454.91559,vhlavac2e@bbc.co.uk,5th Floor,
88,Lebbie,Randlesome,8875.57106,lrandlesome2f@sohu.com,PO Box 29711,
89,Skipper,Haskett,2935.474,shaskett2g@hexun.com,8th Floor,
90,Laurie,Northrop,7184.29237,lnorthrop2h@slideshare.net,Room 353,
91,Sandye,McClancy,9726.32915,smcclancy2i@google.nl,Room 1665,
92,Colette,Doumic,3553.35986,cdoumic2j@state.gov,PO Box 82928,
93,Joshua,Ockland,3602.05157,jockland2k@mozilla.org,Apt 703,
94,Lotte,Kremer,6770.13425,lkremer2l@forbes.com,Apt 427,
95,Demetris,Keeton,3787.38505,dkeeton2m@vimeo.com,PO Box 62338,
96,Frasquito,Alywin,2102.21559,falywin2n@gizmodo.com,PO Box 86568,
97,Angelia,Adame,8946.55604,aadame2o@blinklist.com,6th Floor,
98,Clemmy,Manicomb,7199.5233,cmanicomb2p@kickstarter.com,Suite 16,
99,Quintin,Rudyard,3334.57941,qrudyard2q@nsw.gov.au,20th Floor,
100,Fionna,McAllister,3973.43765,fmcallister2r@senate.gov,PO Box 56289,
101,George,Battabee,9380.69349,gbattabee2s@senate.gov,Room 1872,
102,Prentiss,Gergher,2267.8254,pgergher2t@parallels.com,Apt 846,
103,Cindee,Hutchence,3975.92592,chutchence2u@netlog.com,5th Floor,
104,Martie,MacFayden,6909.92902,mmacfayden2v@booking.com,4th Floor,
105,Jessica,Candlin,1369.76706,jcandlin2w@nbcnews.com,Apt 1971,
106,Prisca,Foldes,8082.27883,pfoldes2x@friendfeed.com,17th Floor,
107,Anthe,Prangnell,5933.50751,aprangnell2y@ucla.edu,PO Box 85631,
108,Ferne,Pinn,9428.46137,fpinn2z@ovh.net,PO Box 42118,
109,Gabriello,Allinson,3080.51045,gallinson30@artisteer.com,14th Floor,
110,Darelle,Kingston,4597.48024,dkingston31@edublogs.org,Room 797,
111,Carolyne,Tiffany,9653.67929,ctiffany32@behance.net,12th Floor,
112,Cort,Orvis,5507.00316,corvis33@photobucket.com,Apt 58,
113,Simon,Osinin,2464.60623,sosinin34@uol.com.br,PO Box 35414,
114,Sax,MacAlester,812.05489,smacalester35@xing.com,PO Box 60642,
115,Nadeen,Bitten,990.11521,nbitten36@networkadvertising.org,Apt 15,
116,Iosep,Philler,6371.43638,iphiller37@ehow.com,Suite 19,
117,Berti,Thwaite,8499.83066,bthwaite38@cdc.gov,Apt 1680,
118,Emilee,Mallinar,2252.35918,emallinar39@marketwatch.com,Apt 1304,
119,Karoly,Tellwright,2763.79302,ktellwright3a@wunderground.com,10th Floor,
120,Harald,Nappin,4785.31163,hnappin3b@blog.com,20th Floor,
121,Allix,Binion,9954.50631,abinion3c@wix.com,2nd Floor,
122,Rodi,Heskins,4988.46396,rheskins3d@senate.gov,Apt 1870,
123,Algernon,Sutherden,7081.81461,asutherden3e@clickbank.net,9th Floor,
124,Marshal,Keirle,3336.10735,mkeirle3f@craigslist.org,Apt 1392,
125,Rosina,Smythin,2382.05582,rsmythin3g@instagram.com,PO Box 48330,
126,Jerri,Wilby,4869.85579,jwilby3h@wikipedia.org,PO Box 97605,
127,Albertina,Heninghem,5912.4164,aheninghem3i@infoseek.co.jp,Suite 22,
128,Nora,Baythrop,3393.48972,nbaythrop3j@yale.edu,Room 516,
129,Dallas,Kosiada,6346.27285,dkosiada3k@xinhuanet.com,16th Floor,
130,Shaine,Filipov,8143.00666,sfilipov3l@reddit.com,Room 1674,
131,Felisha,Avrahamian,7967.35623,favrahamian3m@vimeo.com,Suite 15,
132,Evelyn,Bathowe,2592.06531,ebathowe3n@cyberchimps.com,20th Floor,
133,Hartwell,Leather,904.2375,hleather3o@google.nl,PO Box 45290,
134,Nanon,Blaszkiewicz,4023.39202,nblaszkiewicz3p@sohu.com,Suite 29,
135,Geneva,Rumsby,517.32748,grumsby3q@e-recht24.de,Suite 18,
136,Yetty,Garforth,9529.51532,ygarforth3r@ask.com,19th Floor,
137,Merrily,Burnage,1403.55168,mburnage3s@canalblog.com,14th Floor,
138,Birdie,Glanester,4940.49893,bglanester3t@drupal.org,Suite 58,
139,Sallyanne,Damiata,285.11202,sdamiata3u@1und1.de,7th Floor,
140,Ame,Mabbott,2104.26901,amabbott3v@nhs.uk,15th Floor,
141,Eimile,Yeardley,9955.30303,eyeardley3w@upenn.edu,PO Box 72503,
142,Nicolas,Sleep,9640.56686,nsleep3x@aboutads.info,Suite 76,
143,Christean,Mourton,6752.27924,cmourton3y@google.ru,Room 1517,
144,Albertine,Braiden,959.11103,abraiden3z@senate.gov,PO Box 61810,
145,Zedekiah,Beseke,1574.23304,zbeseke40@cyberchimps.com,PO Box 4042,
146,Tallie,Vazquez,9778.404,tvazquez41@whitehouse.gov,Apt 1440,
147,Pepe,Gilvear,5233.74534,pgilvear42@trellian.com,PO Box 21212,
148,Gabrila,Bartalot,260.63461,gbartalot43@who.int,Apt 419,
149,Ned,Dissman,1215.0201,ndissman44@indiegogo.com,12th Floor,
150,Quent,Rebanks,3025.06773,qrebanks45@fastcompany.com,Room 707,
151,Shandra,Gerriet,9554.31942,sgerriet46@last.fm,18th Floor,
152,Otho,Hawyes,1309.20643,ohawyes47@wikispaces.com,3rd Floor,
153,Kathe,McKelvey,9763.99441,kmckelvey48@china.com.cn,Room 1115,
154,Carri,Robertot,4913.98028,crobertot49@1und1.de,PO Box 21585,
155,Jennie,Manilove,8474.06192,jmanilove4a@marriott.com,Suite 18,
156,Adelice,Gavin,494.43643,agavin4b@forbes.com,Room 954,
157,Elnar,Rouby,2124.08734,erouby4c@apple.com,Room 1182,
158,Marmaduke,Danels,6629.44169,mdanels4d@ycombinator.com,Apt 1013,
159,Yolane,Scarsbrook,9880.70593,yscarsbrook4e@miitbeian.gov.cn,17th Floor,
160,Brandy,Zapata,9912.08789,bzapata4f@printfriendly.com,Apt 149,
161,August,Belchem,152.50503,abelchem4g@about.me,Suite 97,
162,Prentiss,Scryne,9912.49685,pscryne4h@mozilla.com,Room 1976,
163,Inness,McEwan,7617.31506,imcewan4i@chronoengine.com,Apt 1083,
164,Fae,Ambrogiotti,1835.00646,fambrogiotti4j@people.com.cn,11th Floor,
165,Falkner,Tomovic,1181.26176,ftomovic4k@google.pl,16th Floor,
166,Fitz,Beininck,846.35824,fbeininck4l@scribd.com,Apt 1762,
167,Carmela,Lumbly,2619.30251,clumbly4m@blogspot.com,Suite 57,
168,Adan,Willment,9464.76859,awillment4n@google.com,10th Floor,
169,Clari,Llop,7952.16878,cllop4o@weibo.com,Apt 9,
170,Regan,Yurivtsev,9922.49271,ryurivtsev4p@mayoclinic.com,Suite 26,
171,Ricard,Stinton,3765.48503,rstinton4q@facebook.com,Suite 48,
172,Ryon,Geany,8733.05729,rgeany4r@imgur.com,Apt 991,
173,Thedric,Bearward,2752.26198,tbearward4s@npr.org,8th Floor,
174,Mirella,Antyukhin,105.64149,mantyukhin4t@alibaba.com,PO Box 94647,
175,Enrico,Clynter,4504.94101,eclynter4u@ucla.edu,Room 757,
176,Teresina,Verney,2578.82776,tverney4v@shinystat.com,Apt 523,
177,Aldus,Frostdick,3052.83994,afrostdick4w@etsy.com,13th Floor,
178,Dyanne,Favela,5834.91244,dfavela4x@ifeng.com,Apt 760,
179,Rufus,Denison,9122.01116,rdenison4y@stanford.edu,Suite 27,
180,Raquel,Hars,2597.41657,rhars4z@usgs.gov,Room 1446,
181,Veronika,Lynam,1518.78849,vlynam50@washington.edu,3rd Floor,
182,Cristina,Janca,7537.36287,cjanca51@webnode.com,Apt 885,
183,Sheryl,Grutchfield,782.97548,sgrutchfield52@reverbnation.com,Suite 30,
184,Bruce,Sallery,9056.11624,bsallery53@i2i.jp,9th Floor,
185,Jarrett,Gambles,6208.23624,jgambles54@bloglovin.com,Apt 1874,
186,Karola,Mouth,7984.03313,kmouth55@icio.us,19th Floor,
187,Kylen,Reveland,2005.09959,kreveland56@cnet.com,Room 1615,
188,Mandi,Gittens,1779.95765,mgittens57@cornell.edu,PO Box 91255,
189,Meredith,Harwick,9810.54109,mharwick58@weather.com,Suite 45,
190,Tracee,Vigers,273.03487,tvigers59@examiner.com,6th Floor,
191,Vivianne,Piken,8586.0643,vpiken5a@i2i.jp,Apt 563,
192,Morena,Sapsed,5861.47722,msapsed5b@rambler.ru,Room 106,
193,Laverna,Forrington,6137.40832,lforrington5c@reddit.com,Apt 631,
194,Wallas,Pullen,923.17665,wpullen5d@alibaba.com,Apt 819,
195,Joellyn,Klimke,656.58294,jklimke5e@google.co.uk,PO Box 62907,
196,Camile,Castellino,6533.03009,ccastellino5f@vinaora.com,20th Floor,
197,Lavinia,Pfaff,3591.22311,lpfaff5g@toplist.cz,PO Box 70521,
198,Langsdon,Thowes,2630.02651,lthowes5h@dyndns.org,Room 630,
199,Cecil,Ferenczy,6943.03705,cferenczy5i@trellian.com,3rd Floor,
200,Harmon,Cullinane,3633.48271,hcullinane5j@nationalgeographic.com,12th Floor,
201,Florina,Kybird,9703.82982,fkybird5k@google.de,PO Box 87772,
202,Aurelie,Hallihan,8757.44539,ahallihan5l@rambler.ru,Suite 31,
203,Chandal,Selesnick,8111.78203,cselesnick5m@pinterest.com,Suite 59,
204,Rowney,Kimmings,5480.54374,rkimmings5n@fc2.com,Suite 28,
205,Morissa,Nickolls,9019.11126,mnickolls5o@51.la,Apt 816,
206,Austine,Falks,7933.09079,afalks5p@addthis.com,PO Box 8507,
207,Bendick,Boakes,4104.37015,bboakes5q@house.gov,PO Box 91536,
208,Erik,Shorter,4148.45116,eshorter5r@berkeley.edu,Suite 35,
209,Creigh,Winslade,1214.77929,cwinslade5s@addthis.com,Room 1030,
210,Kikelia,Sheaf,5922.30202,ksheaf5t@tmall.com,11th Floor,
211,Ingrim,Elcy,2857.10052,ielcy5u@earthlink.net,PO Box 22982,
212,Crista,Brunsdon,5569.26812,cbrunsdon5v@mediafire.com,3rd Floor,
213,Lorilee,Goodbody,5602.00848,lgoodbody5w@ask.com,Room 1114,
214,Dale,Giorgio,5601.43746,dgiorgio5x@hhs.gov,Apt 1788,
215,Flynn,Haliburn,9286.6601,fhaliburn5y@mit.edu,Suite 52,
216,Eolanda,Berrisford,7364.49057,eberrisford5z@google.es,Apt 620,
217,Erda,Ringer,9944.1127,eringer60@adobe.com,Suite 95,
218,Ignace,Bang,7855.46229,ibang61@bloomberg.com,3rd Floor,
219,Aldric,Sjollema,5139.00747,asjollema62@rediff.com,PO Box 52192,
220,Clerkclaude,Peterffy,3471.2504,cpeterffy63@economist.com,Room 615,
221,Mallissa,Levi,5668.67937,mlevi64@edublogs.org,Suite 56,
222,Standford,Mollison,9963.70681,smollison65@macromedia.com,Suite 88,
223,Travers,Kovacs,6784.74931,tkovacs66@reuters.com,12th Floor,
224,Janine,Terzi,521.83022,jterzi67@vinaora.com,Suite 62,
225,Kacey,Trenear,5364.89395,ktrenear68@tinypic.com,Apt 894,
226,Roxane,Ismirnioglou,5360.65926,rismirnioglou69@patch.com,Apt 1752,
227,Andonis,Maben,3160.71025,amaben6a@squarespace.com,Apt 843,
228,Torin,Feenan,5185.30999,tfeenan6b@who.int,PO Box 76852,
229,Dorelia,Macia,7322.31737,dmacia6c@answers.com,8th Floor,
230,Ailey,Bellenger,7047.25547,abellenger6d@oaic.gov.au,7th Floor,
231,Marice,Porkiss,2388.86335,mporkiss6e@nytimes.com,Suite 92,
232,Bambie,Brabben,418.68062,bbrabben6f@ca.gov,Suite 56,
233,Nichole,Madgewick,4815.55036,nmadgewick6g@oakley.com,Apt 537,
234,Dasi,Koubu,1406.56464,dkoubu6h@hhs.gov,7th Floor,
235,Britteny,Epps,655.17736,bepps6i@de.vu,PO Box 86604,
236,Dot,Janney,1960.13524,djanney6j@chicagotribune.com,Room 1986,
237,L,urette,Pykett,7467.74929,lpykett6k@omniture.com,Suite 25
238,Fabien,Stoop,4024.47243,fstoop6l@zimbio.com,Apt 60,
239,Mill,Curnow,5199.46131,mcurnow6m@fc2.com,1st Floor,
240,Fulton,Spragg,3513.5666,fspragg6n@admin.ch,Suite 7,
241,Parrnell,Kirman,8984.76016,pkirman6o@feedburner.com,Apt 67,
242,Norbie,Corey,3237.37789,ncorey6p@sfgate.com,PO Box 3643,
243,Filia,Gee,4151.68724,fgee6q@i2i.jp,15th Floor,
244,Carlie,Reaveley,5741.24907,creaveley6r@hibu.com,Suite 87,
245,Jacqui,Baron,594.9313,jbaron6s@bandcamp.com,Room 632,
246,Justis,Jasper,8398.26406,jjasper6t@princeton.edu,Suite 44,
247,Allie,Palke,5975.18892,apalke6u@google.com.hk,Room 74,
248,Dannie,McKleod,2262.6791,dmckleod6v@over-blog.com,Room 1516,
249,Kippy,Lindwasser,8967.62548,klindwasser6w@domainmarket.com,PO Box 55709,
250,Kurtis,Enric,444.15634,kenric6x@uol.com.br,Suite 67,
251,Henrieta,Cohrs,195.23946,hcohrs6y@yandex.ru,20th Floor,
252,Jacqueline,L' Estrange,1009.66351,jlestrange6z@altervista.org,Room 810,
253,Steffi,Mousby,8922.57007,smousby70@ca.gov,Suite 3,
254,Horst,Langmead,1251.06708,hlangmead71@stanford.edu,PO Box 50428,
255,Milissent,Fazakerley,2916.46894,mfazakerley72@cdc.gov,Suite 40,
256,Gibbie,Bullough,5624.40317,gbullough73@usgs.gov,Room 1840,
257,Wally,Weekley,7508.75159,wweekley74@fastcompany.com,11th Floor,
258,Carroll,Riddock,7078.65798,criddock75@jimdo.com,13th Floor,
259,Barbra,Phizackerly,6141.81381,bphizackerly76@columbia.edu,PO Box 6193,
260,Pris,Bogays,9146.39843,pbogays77@meetup.com,PO Box 56387,
261,Tyson,Sheehan,1103.47581,tsheehan78@amazon.co.jp,Room 1276,
262,Marni,Christmas,7037.85642,mchristmas79@wordpress.com,PO Box 74393,
263,Elbertine,Nehls,7601.00641,enehls7a@kickstarter.com,Room 1192,
264,Alfy,McAlinion,5828.10792,amcalinion7b@mapquest.com,2nd Floor,
265,Mina,Finnis,9160.14065,mfinnis7c@free.fr,PO Box 85851,
266,Grier,Wimmers,9217.01982,gwimmers7d@mapy.cz,20th Floor,
267,Brodie,Pioli,3214.24181,bpioli7e@hibu.com,PO Box 72504,
268,Gunilla,Baglin,1347.95568,gbaglin7f@blogs.com,Suite 64,
269,Heinrick,Wraggs,5913.05332,hwraggs7g@lulu.com,Apt 118,
270,Glenine,Chart,4101.50719,gchart7h@japanpost.jp,PO Box 21257,
271,Emanuele,Lingwood,7256.85884,elingwood7i@mlb.com,PO Box 26258,
272,Skelly,Ivers,4572.72399,sivers7j@ucoz.com,15th Floor,
273,Randa,Dosdale,231.60845,rdosdale7k@wikimedia.org,Suite 96,
274,Adair,Enrrico,4923.36287,aenrrico7l@google.com,PO Box 59572,
275,Bartlett,Shellshear,7178.01591,bshellshear7m@so-net.ne.jp,10th Floor,
276,Jourdain,Van Leijs,7760.9699,jvanleijs7n@blogtalkradio.com,PO Box 96167,
277,Olive,Cuckson,7168.56324,ocuckson7o@ibm.com,1st Floor,
278,Colas,McNair,2566.84383,cmcnair7p@over-blog.com,19th Floor,
279,Ignacio,Longworth,701.68461,ilongworth7q@reddit.com,PO Box 92790,
280,Ignacius,Abramchik,2814.60448,iabramchik7r@answers.com,Suite 8,
281,Kelly,Nunes Nabarro,4148.47286,knunesnabarro7s@msu.edu,Suite 18,
282,Felix,Habishaw,8202.91952,fhabishaw7t@microsoft.com,19th Floor,
283,Dania,Eveling,4570.26038,develing7u@delicious.com,Room 533,
284,Vernice,Killingback,1299.01055,vkillingback7v@1688.com,Room 1529,
285,Nancee,Witterick,7234.97235,nwitterick7w@hao123.com,Apt 1220,
286,Lurline,Hasker,8594.03823,lhasker7x@zdnet.com,Room 1466,
287,Deena,Orcas,8444.53421,dorcas7y@bigcartel.com,Room 811,
288,Deena,Hands,923.2147,dhands7z@kickstarter.com,Room 270,
289,Kippar,Zanelli,3200.21557,kzanelli80@baidu.com,Apt 2000,
290,Philippa,Hubbock,2459.30436,phubbock81@va.gov,6th Floor,
291,Anatole,Drains,5937.59449,adrains82@ted.com,13th Floor,
292,Bay,Summergill,7398.91837,bsummergill83@adobe.com,Suite 56,
293,Mile,Island,2584.30854,misland84@squidoo.com,PO Box 69401,
294,Austen,Dory,2530.82137,adory85@bigcartel.com,Suite 21,
295,Joly,Kynsey,5282.41339,jkynsey86@yahoo.com,PO Box 59302,
296,Zane,de Tocqueville,7719.08093,zdetocqueville87@typepad.com,Suite 73,
297,Horst,Battyll,6814.13459,hbattyll88@etsy.com,PO Box 70194,
298,Lyda,Chasmar,4360.63754,lchasmar89@shop-pro.jp,PO Box 42097,
299,Milka,Canizares,4605.71445,mcanizares8a@vk.com,PO Box 1522,
300,Salvador,Inns,5671.32365,sinns8b@home.pl,Apt 697,
301,Dania,Urridge,7692.69114,durridge8c@ftc.gov,5th Floor,
302,Quintin,Dawtre,8951.87174,qdawtre8d@fc2.com,PO Box 41044,
303,Anastasie,Ingerfield,1416.47583,aingerfield8e@netlog.com,PO Box 37495,
304,Odo,Yitzovicz,5182.70013,oyitzovicz8f@guardian.co.uk,Apt 667,
305,Beryle,McCreary,4326.21456,bmccreary8g@youku.com,Apt 226,
306,Agnesse,Vamplus,8280.67502,avamplus8h@cyberchimps.com,Apt 1466,
307,Wallas,Muncey,3619.97815,wmuncey8i@example.com,3rd Floor,
308,Nicolas,McCallam,717.42126,nmccallam8j@nih.gov,Suite 72,
309,Arlina,Drust,5918.09152,adrust8k@statcounter.com,Room 1205,
310,Gareth,Kowalik,1411.1598,gkowalik8l@liveinternet.ru,Apt 1317,
311,Gill,Manifould,4445.6354,gmanifould8m@mysql.com,PO Box 79632,
312,Belita,Ditch,9797.18117,bditch8n@cisco.com,PO Box 56638,
313,Herold,Crumbleholme,9447.00542,hcrumbleholme8o@ihg.com,PO Box 86259,
314,Shirlene,Brelsford,8224.10374,sbrelsford8p@cocolog-nifty.com,Suite 13,
315,Thurstan,Rizzardi,8670.2291,trizzardi8q@hugedomains.com,16th Floor,
316,Chicky,Thursfield,6311.27008,cthursfield8r@tinypic.com,Room 1674,
317,Elvera,Date,455.20162,edate8s@homestead.com,18th Floor,
318,Anallese,Anyene,5805.96889,aanyene8t@joomla.org,Room 563,
319,Julian,Pattingson,9409.02414,jpattingson8u@ca.gov,Room 151,
320,Wilma,Heyns,9757.53219,wheyns8v@360.cn,Suite 4,
321,Cristi,O' Concannon,9554.12235,coconcannon8w@skype.com,Suite 41,
322,Knox,Jaulmes,2857.6589,kjaulmes8x@rambler.ru,14th Floor,
323,Kellia,Wayman,1507.05224,kwayman8y@harvard.edu,PO Box 4926,
324,Melony,Dimic,8973.05712,mdimic8z@storify.com,PO Box 89571,
325,Tyson,D'Alessio,3432.83478,tdalessio90@blinklist.com,Room 1869,
326,Lotte,Elgey,8677.83821,lelgey91@themeforest.net,Suite 20,
327,Pattie,Kleinhaut,6585.91294,pkleinhaut92@wisc.edu,Suite 24,
328,Hadria,Ifill,8148.68912,hifill93@aboutads.info,6th Floor,
329,Tuesday,Duffin,3144.11922,tduffin94@123-reg.co.uk,PO Box 50203,
330,Zandra,M'Chirrie,4977.84024,zmchirrie95@cloudflare.com,17th Floor,
331,Hadleigh,Francescozzi,3408.01726,hfrancescozzi96@myspace.com,Room 1034,
332,Jolee,Kenna,1502.31179,jkenna97@1688.com,8th Floor,
333,Eb,Pay,8381.98412,epay98@mit.edu,Apt 1818,
334,Alicia,Delyth,2237.91807,adelyth99@newyorker.com,6th Floor,
335,Tamarra,Le Grys,8378.34114,tlegrys9a@cbslocal.com,Apt 292,
336,Egbert,Jakubovicz,6164.76671,ejakubovicz9b@netlog.com,Apt 221,
337,Melania,Vasilchikov,7411.29846,mvasilchikov9c@sphinn.com,PO Box 96638,
338,Raul,Sidney,9656.40492,rsidney9d@aol.com,PO Box 42839,
339,Marilee,McGrotty,7986.21139,mmcgrotty9e@deviantart.com,PO Box 87461,
340,Auberta,Noblet,4184.31579,anoblet9f@dagondesign.com,Apt 1171,
341,Faun,Dewar,3396.8692,fdewar9g@blogs.com,Room 821,
342,Waneta,Gunby,7775.61297,wgunby9h@whitehouse.gov,PO Box 21018,
343,Wanids,Ruit,9749.41797,wruit9i@slideshare.net,Room 995,
344,Sherline,Schindler,6102.92041,sschindler9j@cpanel.net,Suite 84,
345,Rosalia,Degue,1735.92033,rdegue9k@theglobeandmail.com,PO Box 77669,
346,Fawn,Andrasch,5928.88394,fandrasch9l@jiathis.com,Apt 1909,
347,Juanita,Blissett,287.14616,jblissett9m@symantec.com,Room 111,
348,Merrili,Checcuzzi,2860.92988,mcheccuzzi9n@wikispaces.com,Suite 53,
349,Algernon,Beltzner,3049.14572,abeltzner9o@delicious.com,Apt 745,
350,Catlin,Bancroft,3504.70216,cbancroft9p@histats.com,Apt 1933,
351,Nicoline,Conville,871.41234,nconville9q@amazon.co.jp,Apt 1099,
352,Sybyl,Maas,3102.98201,smaas9r@patch.com,PO Box 17586,
353,Pepi,Gladdin,9684.67127,pgladdin9s@seesaa.net,Suite 90,
354,Damaris,Side,5131.49449,dside9t@spotify.com,Suite 83,
355,Tann,Lettley,7265.39133,tlettley9u@wordpress.com,3rd Floor,
356,Gaile,Puckrin,1839.63707,gpuckrin9v@ow.ly,PO Box 84371,
357,Kippy,Carletto,9478.02474,kcarletto9w@dropbox.com,Apt 161,
358,Hammad,Doubrava,9423.11237,hdoubrava9x@ucsd.edu,Suite 35,
359,Butch,Radoux,7039.74335,bradoux9y@statcounter.com,17th Floor,
360,Hana,Pillman,6555.09386,hpillman9z@sogou.com,Apt 1733,
361,Luci,Macek,4029.88352,lmaceka0@flavors.me,PO Box 1578,
362,Artie,Wyss,9522.69105,awyssa1@biblegateway.com,17th Floor,
363,Tannie,Iannazzi,8280.4505,tiannazzia2@bloomberg.com,Room 1330,
364,Anett,Colomb,8871.70942,acolomba3@google.pl,Suite 48,
365,Dex,Sisey,3827.40204,dsiseya4@time.com,Apt 270,
366,Corilla,Muzzollo,8376.59018,cmuzzolloa5@gravatar.com,Room 225,
367,Nolly,Peddar,3423.06029,npeddara6@biglobe.ne.jp,14th Floor,
368,Dilan,Sands-Allan,676.42687,dsandsallana7@1und1.de,Apt 565,
369,Andrea,Pettigree,9132.08618,apettigreea8@wunderground.com,Suite 95,
370,Kelcy,Velez,1007.45641,kveleza9@fc2.com,Room 325,
371,Aurora,Baal,3575.82013,abaalaa@hp.com,Apt 1924,
372,Townsend,Dolden,4706.12722,tdoldenab@cocolog-nifty.com,3rd Floor,
373,Lucais,Agastina,8890.0744,lagastinaac@whitehouse.gov,Apt 789,
374,Fleming,Halegarth,385.85278,fhalegarthad@sbwire.com,Suite 56,
375,Tuesday,Graffin,2125.72425,tgraffinae@ocn.ne.jp,Room 1259,
376,Ashton,Kiely,2313.11256,akielyaf@washington.edu,Apt 975,
377,Maire,Millhill,7568.59976,mmillhillag@exblog.jp,15th Floor,
378,Vaughan,Volks,9388.36939,vvolksah@lycos.com,Suite 92,
379,Viv,MacCourt,8474.24206,vmaccourtai@squidoo.com,Apt 280,
380,Rafaelia,Eton,4195.7167,retonaj@barnesandnoble.com,Suite 26,
381,Madelle,Rudd,6046.45254,mruddak@symantec.com,14th Floor,
382,Minnaminnie,Ferrieroi,7132.21973,mferrieroial@flavors.me,Room 398,
383,Edee,Spargo,9077.46228,espargoam@edublogs.org,6th Floor,
384,Wilton,Waterstone,1310.22513,wwaterstonean@independent.co.uk,PO Box 15482,
385,Sean,Pilgrim,7025.92951,spilgrimao@dmoz.org,Apt 1379,
386,Nanice,Benasik,2987.25318,nbenasikap@sbwire.com,Apt 1440,
387,Nicoline,Ferrarotti,487.18163,nferrarottiaq@altervista.org,Room 473,
388,Valery,Maypother,355.4407,vmaypotherar@nyu.edu,Room 1296,
389,Wadsworth,Vanini,9810.86875,wvaninias@ebay.co.uk,PO Box 63599,
390,Lorrie,Menicomb,6772.27846,lmenicombat@pagesperso-orange.fr,12th Floor,
391,Stefa,Arthur,6504.98029,sarthurau@cyberchimps.com,Suite 98,
392,Lenore,Behnecke,5439.11611,lbehneckeav@live.com,Room 1083,
393,Lorettalorna,Hawksby,6868.5881,lhawksbyaw@utexas.edu,Room 1463,
394,Euell,Ciubutaro,5849.14749,eciubutaroax@bloomberg.com,Suite 72,
395,Pietro,Annets,1521.25681,pannetsay@huffingtonpost.com,Apt 1728,
396,Gianni,Caley,9383.27487,gcaleyaz@dropbox.com,PO Box 63578,
397,Pieter,Frisdick,9661.02988,pfrisdickb0@wufoo.com,7th Floor,
398,Ethyl,Starrs,2609.44209,estarrsb1@dagondesign.com,PO Box 73637,
399,Abel,Izachik,5451.58092,aizachikb2@sphinn.com,3rd Floor,
400,Leyla,Ivashin,8191.11528,livashinb3@vinaora.com,PO Box 73251,
401,Stillmann,Georges,5731.86844,sgeorgesb4@howstuffworks.com,Apt 1808,
402,Selig,Habbon,5502.79715,shabbonb5@bbb.org,Suite 19,
403,Trudey,Jennick,5893.01406,tjennickb6@rambler.ru,14th Floor,
404,Matelda,Machel,1008.39933,mmachelb7@51.la,Suite 72,
405,Hunter,Shawyers,9164.65152,hshawyersb8@example.com,Suite 75,
406,Germain,Grim,7387.35054,ggrimb9@stumbleupon.com,PO Box 2212,
407,Elias,Dombrell,1722.43171,edombrellba@usa.gov,Room 752,
408,Barny,Twyning,5584.15373,btwyningbb@loc.gov,18th Floor,
409,Vyky,Anselm,3517.3173,vanselmbc@wikispaces.com,Apt 1638,
410,Titus,Dudny,2734.21037,tdudnybd@cyberchimps.com,3rd Floor,
411,Kingsly,Mayward,5291.00149,kmaywardbe@is.gd,Room 944,
412,Opalina,Wardrope,4188.98553,owardropebf@chronoengine.com,PO Box 49020,
413,Marcille,Deetch,1508.36508,mdeetchbg@addthis.com,PO Box 41436,
414,Valentia,Bannell,3010.12748,vbannellbh@merriam-webster.com,Apt 1383,
415,Thomasin,Durrant,1812.89728,tdurrantbi@furl.net,Apt 1746,
416,Giustina,Bubb,9853.15387,gbubbbj@msu.edu,Room 537,
417,Weston,Heathcote,424.51216,wheathcotebk@example.com,Suite 17,
418,Lambert,Hanbidge,7518.2636,lhanbidgebl@facebook.com,PO Box 11794,
419,Sigrid,Hambatch,3658.88942,shambatchbm@unicef.org,Room 1500,
420,Sheila-kathryn,Poll,5988.87442,spollbn@bloglovin.com,Room 1232,
421,Rowan,Blant,3277.19606,rblantbo@hao123.com,Room 1711,
422,Issy,Strainge,8617.81778,istraingebp@redcross.org,PO Box 84313,
423,Thomasin,Hamelyn,746.63015,thamelynbq@mashable.com,Suite 96,
424,Lucias,Reucastle,9687.79498,lreucastlebr@last.fm,Suite 57,
425,Kiley,Kier,3332.46864,kkierbs@amazon.com,Apt 1589,
426,Emmit,McVeighty,5737.10022,emcveightybt@paypal.com,PO Box 24782,
427,Jilli,Waldrum,1673.54454,jwaldrumbu@nature.com,20th Floor,
428,Marcelline,Lainge,839.441,mlaingebv@discovery.com,Suite 10,
429,Ashil,Labbez,8718.83349,alabbezbw@jiathis.com,Apt 263,
430,Franzen,Limrick,5598.05853,flimrickbx@yelp.com,Suite 62,
431,Mendel,Andrejs,8557.26802,mandrejsby@businessinsider.com,20th Floor,
432,Pet,Toft,2783.20545,ptoftbz@blinklist.com,Apt 1614,
433,Daisie,Cocking,6652.71886,dcockingc0@smh.com.au,Suite 36,
434,Reba,Brogiotti,8727.80193,rbrogiottic1@mozilla.org,Room 742,
435,Dud,Noke,8135.74187,dnokec2@pbs.org,Room 651,
436,Nerita,Bazley,1027.995,nbazleyc3@go.com,4th Floor,
437,Dewain,Wolffers,968.98819,dwolffersc4@prweb.com,PO Box 5348,
438,Clerc,Aggas,955.09578,caggasc5@dion.ne.jp,13th Floor,
439,Carol,Adacot,6598.00045,cadacotc6@ow.ly,PO Box 30861,
440,Breanne,Graffham,6261.16237,bgraffhamc7@sciencedirect.com,PO Box 89265,
441,Kenny,Kittman,2039.34713,kkittmanc8@example.com,PO Box 42139,
442,Kathi,Perassi,6970.08673,kperassic9@icio.us,Room 1093,
443,Farlie,Fouracres,4257.22003,ffouracresca@boston.com,Apt 1634,
444,Blondell,Moylan,2630.87512,bmoylancb@europa.eu,Suite 49,
445,Sandi,Stenson,5487.26056,sstensoncc@joomla.org,Room 1675,
446,Xever,Demcak,3302.84529,xdemcakcd@globo.com,Suite 71,
447,Rodina,Bunston,6624.98407,rbunstonce@businesswire.com,Room 711,
448,Franz,Ewbank,6655.42266,fewbankcf@tiny.cc,Suite 38,
449,Charissa,Lafranconi,8158.99815,clafranconicg@toplist.cz,PO Box 4772,
450,Theresa,Curwen,1998.53657,tcurwench@berkeley.edu,Apt 1878,
451,Alyss,Cosgrive,1144.59341,acosgriveci@dmoz.org,Room 57,
452,Constantina,McKendo,6794.68578,cmckendocj@earthlink.net,PO Box 99055,
453,Fletch,Pottell,5409.73622,fpottellck@ox.ac.uk,Room 1919,
454,Joshuah,Jeannequin,3687.30854,jjeannequincl@wordpress.org,Suite 18,
455,Jacques,Hubert,7187.86452,jhubertcm@multiply.com,18th Floor,
456,Roley,Whife,2530.39944,rwhifecn@theguardian.com,Room 1821,
457,Alyss,Totterdill,4072.13489,atotterdillco@godaddy.com,Suite 55,
458,Kippie,Arger,6414.44948,kargercp@mit.edu,Room 1433,
459,Monika,Dene,5994.56035,mdenecq@jugem.jp,Apt 998,
460,Benton,Molder,330.17678,bmoldercr@slashdot.org,Suite 18,
461,Stevie,Newlove,2255.20742,snewlovecs@lycos.com,Suite 53,
462,Penny,Dorwood,490.15739,pdorwoodct@timesonline.co.uk,Room 194,
463,Dulcy,Nutman,7996.89739,dnutmancu@constantcontact.com,Room 1668,
464,Erwin,Sarjeant,929.0395,esarjeantcv@youku.com,Room 305,
465,Paulie,Craggs,5111.46684,pcraggscw@ning.com,Apt 244,
466,Eleanor,Spight,9420.90139,espightcx@canalblog.com,Apt 1120,
467,Lucho,Pelman,1156.65126,lpelmancy@uiuc.edu,Apt 929,
468,Ruttger,Skelhorn,3406.25822,rskelhorncz@ucsd.edu,Suite 86,
469,Laurena,Smaling,5274.57949,lsmalingd0@bizjournals.com,Room 1068,
470,Nataniel,Tomaino,1085.76763,ntomainod1@merriam-webster.com,Apt 27,
471,Imogene,Blunn,6828.61052,iblunnd2@tuttocitta.it,PO Box 9675,
472,Daryl,Parradye,8475.42825,dparradyed3@cpanel.net,Room 762,
473,Gerladina,Campany,5285.84035,gcampanyd4@weebly.com,19th Floor,
474,Samaria,Gibbeson,9994.33994,sgibbesond5@sciencedirect.com,Suite 83,
475,Cecilia,Gason,5321.97042,cgasond6@1und1.de,Apt 499,
476,Rahal,Prujean,9272.18913,rprujeand7@dot.gov,Apt 1306,
477,Mart,Francisco,3988.92307,mfranciscod8@indiegogo.com,Room 1198,
478,Ripley,Muat,6507.41259,rmuatd9@howstuffworks.com,Apt 1556,
479,Sabra,Markovich,655.72108,smarkovichda@nyu.edu,Suite 9,
480,Gay,Dunbobbin,4266.03905,gdunbobbindb@cisco.com,Apt 1198,
481,Antonino,Putnam,7634.00585,aputnamdc@tripadvisor.com,Suite 12,
482,Evelyn,Austing,5259.18033,eaustingdd@123-reg.co.uk,PO Box 45449,
483,Nahum,Huband,3281.97377,nhubandde@dailymail.co.uk,Apt 1932,
484,Spike,Blees,9355.28743,sbleesdf@diigo.com,Apt 1222,
485,Alexa,Costall,2919.13956,acostalldg@networkadvertising.org,15th Floor,
486,Carrie,Loads,8445.86978,cloadsdh@yahoo.com,Suite 30,
487,Hettie,Loade,153.07278,hloadedi@wunderground.com,19th Floor,
488,Deena,Yaakov,6507.69916,dyaakovdj@networksolutions.com,7th Floor,
489,Saunder,Devey,6866.79841,sdeveydk@privacy.gov.au,Suite 2,
490,Pincas,Jurzyk,9544.8892,pjurzykdl@woothemes.com,PO Box 646,
491,Kirstyn,Innman,2997.6054,kinnmandm@dailymotion.com,Apt 391,
492,Nollie,Blackborow,2985.49923,nblackborowdn@reuters.com,PO Box 71168,
493,Eduino,Deinert,6769.28988,edeinertdo@goodreads.com,Apt 303,
494,Venita,Simionescu,357.92134,vsimionescudp@foxnews.com,Suite 42,
495,Lenette,Fitzsymons,7897.0354,lfitzsymonsdq@gov.uk,PO Box 84476,
496,Deina,Pagelsen,7237.71806,dpagelsendr@thetimes.co.uk,PO Box 94042,
497,Althea,Matej,4331.77043,amatejds@nyu.edu,Room 1078,
498,Lockwood,Ricson,9820.6586,lricsondt@netlog.com,Room 1541,
499,Zea,Bedburrow,4983.95733,zbedburrowdu@elegantthemes.com,PO Box 3447,
500,Ezri,Menichi,4512.54135,emenichidv@naver.com,Room 1449,
501,Brewster,Strong,342.21373,bstrongdw@prweb.com,7th Floor,
502,Sharla,Bugdall,941.2346,sbugdalldx@reference.com,PO Box 19652,
503,Harlin,Howley,2993.83473,hhowleydy@mail.ru,PO Box 11640,
504,Verine,Lynes,4098.53941,vlynesdz@google.com.br,Suite 42,
505,Lynnett,O'Dowling,8542.75074,lodowlinge0@so-net.ne.jp,Apt 344,
506,Gardner,Lowin,6418.17088,glowine1@wordpress.org,Room 1626,
507,Rickey,Martell,7486.18665,rmartelle2@oracle.com,Suite 72,
508,Vincent,Barrar,4556.32327,vbarrare3@state.tx.us,Suite 76,
509,Finlay,Lippett,6359.6862,flippette4@typepad.com,20th Floor,
510,Ashlee,Hotchkin,3637.32102,ahotchkine5@over-blog.com,PO Box 89963,
511,Corly,Aisbett,8719.47805,caisbette6@facebook.com,Room 1656,
512,Tiffi,Naseby,4985.91022,tnasebye7@dyndns.org,Room 587,
513,Yanaton,Dearan,6262.47557,ydearane8@123-reg.co.uk,Room 566,
514,Stern,Fazzioli,802.30558,sfazziolie9@google.de,Apt 12,
515,Angelika,Josephy,5496.25488,ajosephyea@google.ca,7th Floor,
516,Cymbre,Ciccotti,7276.5877,cciccottieb@sakura.ne.jp,PO Box 69986,
517,Kenyon,Bruce,5506.08467,kbruceec@salon.com,Apt 1118,
518,Cleveland,Augie,9478.32634,caugieed@constantcontact.com,7th Floor,
519,Tamqrah,Grisbrook,2083.49503,tgrisbrookee@baidu.com,Room 1116,
520,Crista,Gunny,4788.26443,cgunnyef@nytimes.com,Suite 68,
521,Huntington,MacEnelly,2045.18452,hmacenellyeg@digg.com,Room 624,
522,Hailee,Halewood,2616.15957,hhalewoodeh@smugmug.com,4th Floor,
523,Lincoln,Gillison,7855.6318,lgillisonei@ibm.com,PO Box 36518,
524,Aurelea,Odda,7824.15749,aoddaej@apache.org,10th Floor,
525,Nikki,Flemyng,2467.16663,nflemyngek@uol.com.br,Apt 793,
526,Aldon,Itzcovich,832.57861,aitzcovichel@constantcontact.com,PO Box 35906,
527,Berenice,Dilloway,217.14085,bdillowayem@oracle.com,4th Floor,
528,Yvette,Sharkey,7099.94256,ysharkeyen@microsoft.com,Room 608,
529,Berenice,Domengue,8230.83955,bdomengueeo@narod.ru,1st Floor,
530,Harlen,Cathery,6746.5935,hcatheryep@deviantart.com,Apt 667,
531,Amabelle,Myrick,5980.2744,amyrickeq@meetup.com,Room 1699,
532,Golda,Tebbett,509.59034,gtebbetter@usgs.gov,Room 1634,
533,Tory,Kidney,1511.49274,tkidneyes@google.ca,PO Box 48434,
534,Phyllys,Lillow,5343.43333,plillowet@deliciousdays.com,PO Box 70403,
535,Annabella,Sheddan,1078.26937,asheddaneu@europa.eu,14th Floor,
536,Hymie,Kibbel,7806.34946,hkibbelev@businessinsider.com,Room 205,
537,Frannie,Corstorphine,2028.30976,fcorstorphineew@nytimes.com,3rd Floor,
538,Sydelle,Hamal,1588.62975,shamalex@ustream.tv,PO Box 54943,
539,Kelley,Dyble,1854.00797,kdybleey@smh.com.au,Apt 198,
540,Julina,Hurdwell,5487.66535,jhurdwellez@illinois.edu,PO Box 58704,
541,Emmet,Iorillo,7776.38708,eiorillof0@scientificamerican.com,Apt 1182,
542,Julie,Immer,1430.58123,jimmerf1@imdb.com,Suite 31,
543,Homere,Dorricott,4951.39633,hdorricottf2@si.edu,Suite 57,
544,Chancey,Baiss,5231.86227,cbaissf3@google.ru,Room 15,
545,Pris,Thorington,1140.16313,pthoringtonf4@delicious.com,Apt 1533,
546,Booth,Chase,4056.1861,bchasef5@topsy.com,Suite 30,
547,Maire,Hernik,4864.70421,mhernikf6@tumblr.com,PO Box 44283,
548,Clark,Arnaldi,6884.12232,carnaldif7@youtu.be,Room 36,
549,Dredi,Seaborn,1667.3572,dseabornf8@intel.com,Apt 772,
550,Carney,Lowis,8011.5336,clowisf9@ed.gov,Room 246,
551,Tamera,Bercher,634.5473,tbercherfa@360.cn,Apt 528,
552,Hubert,Savaage,4561.07204,hsavaagefb@ucoz.ru,Suite 73,
553,Darcie,Buxy,3207.89444,dbuxyfc@sogou.com,Suite 50,
554,Jasmina,Abramow,1054.38193,jabramowfd@vinaora.com,Room 1843,
555,Sheilah,Espinheira,3835.66031,sespinheirafe@liveinternet.ru,Suite 95,
556,Chrissy,Adams,5477.87028,cadamsff@hatena.ne.jp,Suite 11,
557,Leilah,Jack,682.34974,ljackfg@feedburner.com,Room 1209,
558,Randi,Hartles,717.5311,rhartlesfh@oracle.com,Suite 31,
559,Rem,Portugal,1465.01559,rportugalfi@ihg.com,PO Box 25334,
560,Cheslie,Reiling,366.32717,creilingfj@spiegel.de,8th Floor,
561,Jacquelynn,Verbrugge,9959.68886,jverbruggefk@narod.ru,Suite 79,
562,Aubry,Bridat,9452.63313,abridatfl@acquirethisname.com,Apt 1779,
563,Alyss,Stanesby,6358.75085,astanesbyfm@1688.com,Suite 95,
564,Keslie,Drewell,2314.90002,kdrewellfn@yellowbook.com,Apt 1111,
565,Neill,Percy,6366.17191,npercyfo@chicagotribune.com,Suite 75,
566,Dottie,McKelvey,1408.74399,dmckelveyfp@google.nl,Room 382,
567,Lottie,Jimmison,5772.69504,ljimmisonfq@desdev.cn,PO Box 43594,
568,Robinet,Noakes,3097.3012,rnoakesfr@infoseek.co.jp,8th Floor,
569,Berget,Magarrell,1540.05648,bmagarrellfs@dyndns.org,Apt 779,
570,Gabrielle,Oswald,7692.06691,goswaldft@wix.com,PO Box 1411,
571,Teresina,O' Mahony,7624.68377,tomahonyfu@craigslist.org,18th Floor,
572,Joby,Gyles,8144.55648,jgylesfv@bloglovin.com,Apt 1396,
573,Lanie,Burren,7692.20527,lburrenfw@paypal.com,Apt 1627,
574,Maxine,Fausset,8290.10745,mfaussetfx@csmonitor.com,Room 1746,
575,Aretha,Hamber,9865.35723,ahamberfy@gov.uk,6th Floor,
576,Dacey,Ellwell,1541.47163,dellwellfz@ezinearticles.com,16th Floor,
577,Jared,Bow,2516.78811,jbowg0@ibm.com,Apt 1753,
578,Tabby,Alldis,6638.79171,talldisg1@arstechnica.com,Apt 1819,
579,Toinette,Schleicher,589.97782,tschleicherg2@mozilla.com,PO Box 35657,
580,Corliss,Von Salzberg,814.8944,cvonsalzbergg3@nyu.edu,20th Floor,
581,Bernete,Casajuana,4014.7753,bcasajuanag4@jugem.jp,Apt 825,
582,Edita,Murford,5267.58217,emurfordg5@privacy.gov.au,5th Floor,
583,Jonas,Afonso,4700.81381,jafonsog6@telegraph.co.uk,Suite 76,
584,Norrie,Sparkwell,8744.38285,nsparkwellg7@edublogs.org,Apt 1036,
585,Jarret,Lindenberg,4708.53228,jlindenbergg8@squidoo.com,Suite 95,
586,Vanni,Skittrall,292.87058,vskittrallg9@vinaora.com,Apt 1206,
587,Constancia,Petherick,4903.43509,cpetherickga@rakuten.co.jp,Apt 44,
588,Fedora,Thorlby,4082.62102,fthorlbygb@yale.edu,Apt 844,
589,Korrie,Semerad,2620.58414,ksemeradgc@netlog.com,Apt 1043,
590,Jenda,Croxley,6747.55814,jcroxleygd@walmart.com,Apt 906,
591,Romola,Waller,6672.80493,rwallerge@chron.com,PO Box 78207,
592,Skelly,Dallicoat,5050.65054,sdallicoatgf@zimbio.com,20th Floor,
593,Zerk,Ebbotts,8834.95354,zebbottsgg@addthis.com,Room 1801,
594,Darius,Russe,2531.76633,drussegh@ebay.com,11th Floor,
595,Franklin,Denyukhin,5117.1336,fdenyukhingi@usnews.com,Apt 1028,
596,Sayres,Bagworth,9982.32535,sbagworthgj@washington.edu,4th Floor,
597,Harmony,Enbury,1256.18667,henburygk@go.com,Room 477,
598,Elly,Sawday,4198.24949,esawdaygl@un.org,6th Floor,
599,Kirbee,Mepsted,8020.55551,kmepstedgm@rediff.com,PO Box 23442,
600,Armin,Nurden,7495.61808,anurdengn@discovery.com,11th Floor,
601,Mead,Guy,9622.94468,mguygo@webnode.com,Room 1558,
602,Quint,Hillhouse,6851.46264,qhillhousegp@blogger.com,15th Floor,
603,Heath,Castillo,7761.48133,hcastillogq@pen.io,8th Floor,
604,Clair,Goodwyn,8599.89943,cgoodwyngr@altervista.org,4th Floor,
605,Fleurette,Ginglell,1700.48624,fginglellgs@thetimes.co.uk,Suite 69,
606,Desiree,Care,3288.99036,dcaregt@nsw.gov.au,Suite 81,
607,Rockwell,Deftie,4184.4594,rdeftiegu@ustream.tv,Room 185,
608,Norris,Bleby,5519.92265,nblebygv@smugmug.com,PO Box 77358,
609,Emilia,Bazley,6650.77354,ebazleygw@netscape.com,PO Box 82865,
610,Brose,Rose,5145.01833,brosegx@posterous.com,8th Floor,
611,Nathanial,Bradick,2512.43549,nbradickgy@nifty.com,Room 693,
612,Dur,MacMaster,9818.4454,dmacmastergz@yandex.ru,Room 1098,
613,Laverne,Lorimer,711.98016,llorimerh0@miitbeian.gov.cn,17th Floor,
614,Lyell,Paton,1273.94267,lpatonh1@alexa.com,Suite 77,
615,Anselma,Sommerlie,3533.63591,asommerlieh2@ameblo.jp,Room 1417,
616,Agace,Workman,1712.31852,aworkmanh3@jiathis.com,Apt 1388,
617,Edin,Mapplethorpe,6801.27792,emapplethorpeh4@dailymail.co.uk,PO Box 66275,
618,Aubrette,Radclyffe,6201.35492,aradclyffeh5@mozilla.org,Apt 1845,
619,Calypso,Dana,8466.73053,cdanah6@odnoklassniki.ru,Apt 1851,
620,Kassey,Vollam,1563.83137,kvollamh7@cmu.edu,PO Box 90210,
621,Florri,Waterland,3811.65796,fwaterlandh8@list-manage.com,Suite 55,
622,Rafi,Pepineaux,1319.97512,rpepineauxh9@newyorker.com,7th Floor,
623,Em,Grishin,5079.8957,egrishinha@wikispaces.com,Suite 27,
624,Malena,Kilvington,5510.71176,mkilvingtonhb@ocn.ne.jp,16th Floor,
625,Merlina,Brandin,215.12691,mbrandinhc@ezinearticles.com,6th Floor,
626,Sadye,Ghiotto,8588.35939,sghiottohd@msn.com,Apt 803,
627,Rochell,Lamshead,6845.63702,rlamsheadhe@wsj.com,PO Box 8764,
628,Lianna,Helliker,8995.02709,lhellikerhf@economist.com,Apt 1751,
629,Ardath,Petrollo,6703.4375,apetrollohg@narod.ru,15th Floor,
630,Biddie,Kidder,7389.47312,bkidderhh@over-blog.com,Apt 22,
631,Mair,Deller,6672.78416,mdellerhi@last.fm,Apt 511,
632,Beltran,Davydoch,5911.88082,bdavydochhj@illinois.edu,Room 806,
633,Roana,Greenham,2008.05848,rgreenhamhk@youtube.com,18th Floor,
634,Bartlet,Gian,6667.79079,bgianhl@qq.com,Apt 1536,
635,Dehlia,Corneljes,712.70179,dcorneljeshm@1688.com,Room 78,
636,Ashlen,Towler,6100.35323,atowlerhn@wikia.com,14th Floor,
637,Rita,Andrejevic,4329.08005,randrejevicho@amazon.com,PO Box 8685,
638,Gayle,Alvares,740.7195,galvareshp@weather.com,Suite 17,
639,Maynord,Pattrick,4237.86905,mpattrickhq@wp.com,Suite 51,
640,Peter,Avramovsky,3285.10858,pavramovskyhr@cnet.com,Room 1471,
641,Shauna,Whiscard,413.10294,swhiscardhs@globo.com,Room 1724,
642,Forrester,Picheford,1720.59703,fpichefordht@ca.gov,Apt 1944,
643,Golda,Panther,3189.99256,gpantherhu@phoca.cz,16th Floor,
644,Lindsay,Mayling,5022.04634,lmaylinghv@paginegialle.it,Room 1042,
645,Reinold,Capsey,6196.04425,rcapseyhw@nymag.com,Suite 85,
646,Sanderson,Grieves,2151.6756,sgrieveshx@github.com,Room 1650,
647,Simonette,Wardington,5493.28666,swardingtonhy@xinhuanet.com,Apt 365,
648,Carroll,Dodding,737.11462,cdoddinghz@msu.edu,Apt 19,
649,Katina,Spore,4508.87948,ksporei0@plala.or.jp,Apt 1702,
650,Elvin,Woollaston,1778.83597,ewoollastoni1@youtube.com,Room 1583,
651,Levi,Tull,8776.71969,ltulli2@sohu.com,Apt 1644,
652,Alli,Brotherick,1550.2659,abrothericki3@imdb.com,12th Floor,
653,Melloney,Gettone,7165.6342,mgettonei4@sfgate.com,Room 1986,
654,Kaylil,Ughini,1887.97235,kughinii5@yahoo.co.jp,PO Box 33624,
655,Brittan,Lundon,3451.98295,blundoni6@lulu.com,Suite 25,
656,Beatriz,Elington,8822.286,belingtoni7@ycombinator.com,Suite 37,
657,Violet,Cawkwell,1413.81075,vcawkwelli8@example.com,Room 607,
658,Lucien,Acres,3809.69624,lacresi9@geocities.jp,4th Floor,
659,Kile,Murch,4300.34778,kmurchia@oracle.com,Apt 1899,
660,Geralda,Proudler,5137.97911,gproudlerib@homestead.com,7th Floor,
661,George,Jahan,8787.36747,gjahanic@microsoft.com,Suite 30,
662,Malia,Ianizzi,3390.79226,mianizziid@shutterfly.com,Suite 77,
663,Marylinda,Ricards,1435.86491,mricardsie@google.com.br,PO Box 48213,
664,Lilla,Harnott,2096.30649,lharnottif@springer.com,11th Floor,
665,Culver,Tulloch,370.54111,ctullochig@4shared.com,Room 1394,
666,Stephani,Grocutt,3652.77708,sgrocuttih@1688.com,Suite 95,
667,Adriana,Birdsall,8677.54639,abirdsallii@ning.com,Apt 1089,
668,Tanhya,Berrey,3907.66537,tberreyij@shutterfly.com,Room 1640,
669,Christen,Wadham,4382.73108,cwadhamik@unesco.org,Room 248,
670,Hunter,Samsonsen,8057.62252,hsamsonsenil@house.gov,Apt 1943,
671,Lory,Sidebotham,359.31843,lsidebothamim@deviantart.com,Room 759,
672,Fredrika,Jinkin,9333.22753,fjinkinin@ucsd.edu,Suite 1,
673,Gennie,Miquelet,7774.52888,gmiqueletio@ihg.com,PO Box 70722,
674,Merrill,Brevetor,4569.46875,mbrevetorip@discovery.com,Suite 27,
675,Hermon,Rottcher,8184.93098,hrottcheriq@skyrock.com,Suite 11,
676,Pollyanna,Sands-Allan,7588.21283,psandsallanir@shinystat.com,Suite 72,
677,Tania,Coggins,1796.55405,tcogginsis@bravesites.com,PO Box 11148,
678,Nonie,Petrov,602.34185,npetrovit@paginegialle.it,Apt 578,
679,Jaymee,Salerno,7226.56458,jsalernoiu@mysql.com,Room 686,
680,Towney,Penhall,9554.38424,tpenhalliv@friendfeed.com,2nd Floor,
681,Felix,Ferrotti,1465.07551,fferrottiiw@sciencedaily.com,Room 966,
682,Darrelle,Thwaite,8241.09719,dthwaiteix@hugedomains.com,PO Box 44621,
683,Jefferson,Papis,7207.99939,jpapisiy@ustream.tv,Apt 833,
684,Noelle,Lettsom,3412.05026,nlettsomiz@yale.edu,20th Floor,
685,Wildon,Rigardeau,6583.10143,wrigardeauj0@storify.com,Room 1246,
686,Thornie,Gerdts,5438.40834,tgerdtsj1@uol.com.br,Apt 1082,
687,Roanne,Maylin,6949.32863,rmaylinj2@qq.com,Apt 864,
688,Lonnard,Kilfeder,6528.58608,lkilfederj3@accuweather.com,PO Box 99481,
689,Brice,Miebes,7911.80007,bmiebesj4@slashdot.org,Apt 1387,
690,Rhea,Hambric,4393.44132,rhambricj5@theglobeandmail.com,Suite 82,
691,Mill,Tollfree,5478.29571,mtollfreej6@uiuc.edu,Room 473,
692,Adriena,Gundry,2410.88467,agundryj7@chronoengine.com,Room 1897,
693,Thorpe,Raxworthy,4823.45165,traxworthyj8@yahoo.co.jp,Suite 14,
694,Alexis,Bullen,4231.02627,abullenj9@soup.io,1st Floor,
695,Carmelita,Vlasov,773.7417,cvlasovja@nih.gov,Room 1612,
696,Kerk,Cocher,1658.72182,kcocherjb@sciencedirect.com,PO Box 23432,
697,Gweneth,Haysey,9924.52437,ghayseyjc@umn.edu,Apt 327,
698,Tessy,Stallworth,1204.42602,tstallworthjd@bbb.org,Suite 56,
699,Becca,Ellingworth,4924.89893,bellingworthje@unicef.org,PO Box 24163,
700,Cari,Ruske,1102.48172,cruskejf@sciencedirect.com,Suite 11,
701,Padgett,O'Criane,6548.63599,pocrianejg@shop-pro.jp,Room 932,
702,Myrwyn,Sainthill,8927.48312,msainthilljh@fda.gov,PO Box 23412,
703,Hurley,Moffett,2757.56154,hmoffettji@slashdot.org,Apt 680,
704,Karna,Robeson,2174.12853,krobesonjj@vistaprint.com,Room 622,
705,Reinald,Bautiste,5695.37386,rbautistejk@ed.gov,6th Floor,
706,Amber,Hollier,5899.27226,ahollierjl@blogspot.com,PO Box 5071,
707,Gerard,Besnardeau,2028.3612,gbesnardeaujm@merriam-webster.com,Room 378,
708,Doreen,MacKall,3959.71992,dmackalljn@rakuten.co.jp,Suite 100,
709,Jamie,MacIan,7524.77318,jmacianjo@skyrock.com,PO Box 67662,
710,Chere,Esherwood,5738.98951,cesherwoodjp@indiatimes.com,9th Floor,
711,Gelya,Walak,6623.51728,gwalakjq@bloomberg.com,Room 749,
712,Zora,Beament,2281.53219,zbeamentjr@amazonaws.com,Room 1801,
713,Kay,Cunah,8946.55156,kcunahjs@timesonline.co.uk,12th Floor,
714,Allayne,Surcomb,9245.08344,asurcombjt@rakuten.co.jp,Suite 74,
715,Christyna,Olley,4699.92112,colleyju@tiny.cc,Apt 567,
716,Shela,Roller,3255.70337,srollerjv@ucla.edu,4th Floor,
717,Marchall,Pavlovsky,1611.85167,mpavlovskyjw@sakura.ne.jp,PO Box 63351,
718,Fancy,Whorlton,5944.59239,fwhorltonjx@over-blog.com,Suite 58,
719,Calv,Steynor,1251.20793,csteynorjy@yolasite.com,Suite 100,
720,Idette,Vaughten,2893.7964,ivaughtenjz@sun.com,Suite 65,
721,Richmond,Karpmann,1637.81291,rkarpmannk0@state.tx.us,Room 1739,
722,Charlene,Setchell,1012.02696,csetchellk1@statcounter.com,PO Box 99630,
723,Aryn,McRinn,4913.34471,amcrinnk2@bluehost.com,Apt 7,
724,Fernando,Jobbing,6255.18474,fjobbingk3@t.co,Suite 98,
725,Brunhilde,Hinemoor,9268.78568,bhinemoork4@jalbum.net,PO Box 2229,
726,Olenolin,Cornhill,5273.61955,ocornhillk5@discuz.net,Apt 1274,
727,Cherilynn,Bennis,1074.65195,cbennisk6@fotki.com,Apt 1831,
728,Jason,Manby,6532.94017,jmanbyk7@istockphoto.com,PO Box 43894,
729,Thorsten,Edworthie,1622.77599,tedworthiek8@hao123.com,Suite 41,
730,Nadeen,Pattillo,6214.40738,npattillok9@cnet.com,PO Box 53079,
731,Jami,Zarb,4945.05306,jzarbka@webmd.com,Apt 225,
732,Erena,Doche,8968.44276,edochekb@cnet.com,Room 384,
733,Brit,Speenden,7250.30873,bspeendenkc@twitpic.com,10th Floor,
734,Ashlee,Scutter,7926.6893,ascutterkd@go.com,Apt 178,
735,Aurie,Aicheson,6614.05653,aaichesonke@google.com.au,Room 1900,
736,Tiffanie,Jahncke,3868.90599,tjahnckekf@w3.org,Suite 69,
737,Tarah,Simnor,4096.83336,tsimnorkg@toplist.cz,Room 628,
738,Loleta,Helsdon,8988.05672,lhelsdonkh@zimbio.com,16th Floor,
739,Dulcinea,Priddle,7809.05708,dpriddleki@imgur.com,Room 174,
740,Sawyer,Sire,8843.33478,ssirekj@1und1.de,Room 1743,
741,Cameron,Kytley,4774.73116,ckytleykk@freewebs.com,PO Box 16044,
742,Dahlia,Salmoni,69.93136,dsalmonikl@altervista.org,Apt 856,
743,Friedrick,Train,2446.09914,ftrainkm@google.com.hk,Suite 4,
744,Burgess,Mewitt,1323.76811,bmewittkn@issuu.com,PO Box 41754,
745,Enrika,Tweedell,6068.07493,etweedellko@netscape.com,Suite 76,
746,Vere,Bastable,3803.4404,vbastablekp@hexun.com,PO Box 88992,
747,Glenda,Drinkall,6647.16681,gdrinkallkq@furl.net,PO Box 41676,
748,Sidoney,Alliband,9838.09095,sallibandkr@php.net,PO Box 8728,
749,Rooney,Frodsam,1734.08348,rfrodsamks@photobucket.com,15th Floor,
750,Rani,Cotte,784.98985,rcottekt@timesonline.co.uk,Suite 72,
751,Alyse,Joddins,7545.20039,ajoddinsku@berkeley.edu,3rd Floor,
752,Emelda,Muldowney,3014.94319,emuldowneykv@hhs.gov,Suite 96,
753,Perry,Redmell,7561.56028,predmellkw@bbb.org,PO Box 79499,
754,Rheta,Crauford,8591.99175,rcraufordkx@ucsd.edu,Room 1880,
755,Florina,Wilderspoon,6724.4766,fwilderspoonky@arizona.edu,Suite 39,
756,Ashlin,Adel,3217.87123,aadelkz@a8.net,12th Floor,
757,Geoff,Olenichev,6787.4117,golenichevl0@go.com,Room 1241,
758,Evangelina,Fortnon,6352.03322,efortnonl1@columbia.edu,Room 1464,
759,Clement,Corish,7003.19199,ccorishl2@photobucket.com,Suite 71,
760,Arlen,Pettman,3633.38366,apettmanl3@cam.ac.uk,PO Box 67041,
761,Claudio,Fancett,4086.45869,cfancettl4@apache.org,Suite 63,
762,Ansel,Speer,9914.35819,aspeerl5@un.org,Apt 1470,
763,Bryan,Reely,6626.26368,breelyl6@seesaa.net,Room 972,
764,Vera,Pirrone,5928.7666,vpirronel7@webeden.co.uk,PO Box 44179,
765,Reese,Oldcote,9815.72464,roldcotel8@house.gov,Room 1946,
766,Verina,Pedron,3496.74671,vpedronl9@auda.org.au,Apt 985,
767,Aimee,Sagrott,9651.26738,asagrottla@seesaa.net,PO Box 58749,
768,Kris,Gooders,9065.82695,kgooderslb@usnews.com,Room 1386,
769,Valencia,Abrehart,1887.11412,vabrehartlc@sogou.com,Suite 95,
770,Coleen,Taberner,6161.36102,ctabernerld@livejournal.com,Suite 27,
771,Donna,Winkell,3418.4506,dwinkellle@weebly.com,Apt 476,
772,Skelly,Qualtrough,6431.28028,squaltroughlf@ning.com,8th Floor,
773,Worden,McClintock,7847.07977,wmcclintocklg@bbc.co.uk,Room 471,
774,Joann,Ottee,1489.82704,jotteelh@a8.net,PO Box 7806,
775,Rurik,Davidek,382.82358,rdavidekli@time.com,Apt 310,
776,Melba,Harradine,8964.34065,mharradinelj@linkedin.com,Apt 1214,
777,Auguste,Criag,2525.38689,acriaglk@dropbox.com,Suite 21,
778,Denney,Domone,5553.56814,ddomonell@bloglovin.com,PO Box 40340,
779,Celene,Gennings,3444.76611,cgenningslm@cafepress.com,Room 801,
780,Saul,Swinnerton,7666.76346,sswinnertonln@engadget.com,Room 766,
781,Grier,Speir,6003.38366,gspeirlo@gov.uk,9th Floor,
782,Elnora,Russon,9206.60898,erussonlp@google.com,Suite 7,
783,Ortensia,Bloggett,8171.95509,obloggettlq@pagesperso-orange.fr,19th Floor,
784,Roldan,Schuricke,3302.27382,rschurickelr@bbc.co.uk,Suite 74,
785,Eadith,Braunton,543.88498,ebrauntonls@sciencedaily.com,10th Floor,
786,Marlie,Stranger,5367.10296,mstrangerlt@sitemeter.com,Suite 23,
787,Felipe,Farndale,9788.58633,ffarndalelu@creativecommons.org,Apt 625,
788,Horatius,Playfair,616.00499,hplayfairlv@baidu.com,PO Box 76286,
789,Ban,Heijne,5096.2347,bheijnelw@domainmarket.com,PO Box 3668,
790,Leland,Tabour,3224.83092,ltabourlx@elpais.com,Suite 59,
791,Cassaundra,Gisburn,2747.03847,cgisburnly@so-net.ne.jp,Apt 1089,
792,Debera,Reightley,3892.55893,dreightleylz@adobe.com,1st Floor,
793,Sallyann,Troy,7827.98912,stroym0@discovery.com,Room 200,
794,Malynda,Garrit,1398.74041,mgarritm1@over-blog.com,Apt 796,
795,Cristy,Bodham,1420.36978,cbodhamm2@wikimedia.org,Apt 44,
796,Aggie,Tough,9903.37551,atoughm3@vistaprint.com,Apt 373,
797,Emera,Shavel,5130.07035,eshavelm4@census.gov,Suite 1,
798,Derward,Addionizio,7820.45777,daddioniziom5@bbc.co.uk,PO Box 33176,
799,Irvine,Lamonby,2496.77003,ilamonbym6@ameblo.jp,PO Box 72346,
800,Darrelle,Bendare,4825.77699,dbendarem7@utexas.edu,PO Box 74218,
801,Armando,Geldeard,3467.23037,ageldeardm8@bluehost.com,Suite 18,
802,Hervey,Bruckshaw,2761.63823,hbruckshawm9@biblegateway.com,Room 721,
803,Gaspar,Emmison,9066.48452,gemmisonma@livejournal.com,PO Box 13847,
804,Merell,Reedie,3297.07033,mreediemb@myspace.com,PO Box 13597,
805,Basile,MacTeague,4542.72677,bmacteaguemc@apache.org,13th Floor,
806,Andrea,Bohler,3324.52305,abohlermd@ustream.tv,PO Box 15499,
807,Eliza,Cossell,7717.41467,ecossellme@mysql.com,Room 1405,
808,Alex,Weiner,8557.1364,aweinermf@youtube.com,PO Box 26021,
809,Fionnula,Leadbitter,7360.45517,fleadbittermg@digg.com,Room 1679,
810,Daphna,Westcarr,613.74012,dwestcarrmh@oakley.com,Suite 92,
811,Hillel,Melley,7726.3031,hmelleymi@printfriendly.com,Suite 17,
812,Clary,Dungate,360.4511,cdungatemj@mapquest.com,16th Floor,
813,Jewell,Warden,7959.04447,jwardenmk@psu.edu,Suite 29,
814,Whitney,Hartford,7709.82341,whartfordml@mapy.cz,PO Box 21747,
815,Nels,Batthew,5543.8936,nbatthewmm@github.io,PO Box 68478,
816,Ramon,Hows,3820.57226,rhowsmn@java.com,PO Box 72985,
817,Boycie,Narrie,7786.22897,bnarriemo@flickr.com,Room 587,
818,Flin,Zorzoni,8865.05627,fzorzonimp@seesaa.net,Suite 13,
819,Tabb,Tesimon,5163.25658,ttesimonmq@sogou.com,PO Box 95740,
820,Sonny,Pursehouse,7063.15315,spursehousemr@webnode.com,PO Box 66571,
821,Berry,Seven,6256.10254,bsevenms@smh.com.au,PO Box 19517,
822,Barbra,Cheese,8692.68404,bcheesemt@mlb.com,Apt 1121,
823,Bartel,O'Hern,667.22391,bohernmu@opera.com,Apt 1709,
824,Annadiane,Presslie,8440.64364,apressliemv@i2i.jp,Apt 517,
825,Patric,Osbaldstone,8765.62071,posbaldstonemw@ihg.com,Suite 9,
826,Cristine,Blennerhassett,1755.23098,cblennerhassettmx@surveymonkey.com,Room 751,
827,Giraldo,Cowlishaw,8203.59496,gcowlishawmy@wikia.com,Suite 95,
828,Shalne,Norway,5718.63248,snorwaymz@soup.io,Room 801,
829,Nesta,Blunsom,5593.78205,nblunsomn0@archive.org,Room 1333,
830,Efrem,Mardee,3145.40035,emardeen1@bravesites.com,PO Box 9153,
831,Goddart,Tharme,675.61466,gtharmen2@fema.gov,Suite 78,
832,Annmarie,Gueny,388.61062,aguenyn3@nasa.gov,PO Box 31687,
833,Velvet,Westmorland,4501.54868,vwestmorlandn4@umich.edu,Apt 1316,
834,Viva,Rebillard,2867.77815,vrebillardn5@booking.com,Apt 1085,
835,Tony,Domini,3669.61397,tdominin6@ycombinator.com,PO Box 49279,
836,Allan,Abbado,7653.46072,aabbadon7@wikipedia.org,PO Box 70858,
837,Fergus,Freake,1526.45756,ffreaken8@imgur.com,Suite 1,
838,Junie,L'argent,7752.65372,jlargentn9@homestead.com,PO Box 63178,
839,Emmery,Reicharz,647.18043,ereicharzna@barnesandnoble.com,Room 1758,
840,Moe,Cregin,592.04467,mcreginnb@goo.ne.jp,11th Floor,
841,Daloris,Heams,5689.86284,dheamsnc@privacy.gov.au,17th Floor,
842,Ash,Forbes,2162.02983,aforbesnd@imageshack.us,Suite 27,
843,Vick,Whoston,6379.51693,vwhostonne@accuweather.com,PO Box 80154,
844,Frankie,Imlen,2827.38851,fimlennf@noaa.gov,Room 943,
845,Mattheus,Muttock,9856.51393,mmuttockng@weather.com,Suite 29,
846,Sherilyn,Dunnett,1646.85087,sdunnettnh@home.pl,PO Box 28480,
847,Kris,Eton,3890.54408,ketonni@narod.ru,Apt 1086,
848,Nichole,Ogles,9465.9866,noglesnj@ca.gov,PO Box 30755,
849,Lela,Stadding,1723.49053,lstaddingnk@macromedia.com,PO Box 54627,
850,Sigismond,Kuhnwald,74.70742,skuhnwaldnl@who.int,PO Box 70257,
851,Bordy,Job,6511.64747,bjobnm@123-reg.co.uk,PO Box 70444,
852,Hailey,McTerlagh,6462.60506,hmcterlaghnn@free.fr,8th Floor,
853,Judd,Clissold,7515.52032,jclissoldno@fastcompany.com,Suite 92,
854,Osbourn,Turrill,9078.17473,oturrillnp@weibo.com,Room 1886,
855,Gerladina,Kibbee,2172.71936,gkibbeenq@wikimedia.org,Room 1,
856,Cassey,Cow,616.37612,ccownr@harvard.edu,PO Box 71118,
857,Shaughn,Mawer,7802.79258,smawerns@ebay.com,Room 984,
858,Filberte,Fawcus,3826.05003,ffawcusnt@virginia.edu,2nd Floor,
859,Faunie,Elleray,1853.445,felleraynu@fastcompany.com,Suite 81,
860,Hiram,Wistance,9933.4578,hwistancenv@geocities.com,PO Box 67332,
861,Marjy,Keyho,4130.44852,mkeyhonw@imageshack.us,Room 445,
862,Jody,Lambertazzi,658.8981,jlambertazzinx@yandex.ru,Room 1614,
863,Adriena,Challace,2359.89382,achallaceny@tinyurl.com,Suite 8,
864,Marieann,Ellett,5214.8906,mellettnz@skype.com,18th Floor,
865,Bunnie,Djokovic,4747.25069,bdjokovico0@adobe.com,Apt 1507,
866,Claudian,Chinnick,9868.94694,cchinnicko1@usda.gov,Suite 6,
867,Ximenez,Solon,1249.47321,xsolono2@csmonitor.com,14th Floor,
868,Ruthie,Grim,7263.59243,rgrimo3@tuttocitta.it,PO Box 77718,
869,Salmon,Archdeckne,9561.07454,sarchdeckneo4@shop-pro.jp,Apt 1462,
870,Merna,Hansbury,5411.52543,mhansburyo5@ovh.net,10th Floor,
871,Lanna,McKeran,7057.15702,lmckerano6@altervista.org,Apt 933,
872,Chas,Kluss,2198.46618,cklusso7@slashdot.org,Apt 1430,
873,Blythe,Thorndale,8425.96293,bthorndaleo8@over-blog.com,Room 1655,
874,Yorke,Gove,9954.55063,ygoveo9@360.cn,7th Floor,
875,Svend,Duffie,1608.2081,sduffieoa@blogger.com,3rd Floor,
876,Natka,Boscher,6618.97778,nboscherob@hhs.gov,Suite 83,
877,Iorgos,Pudsall,5142.64705,ipudsalloc@cbc.ca,2nd Floor,
878,Opaline,Mathet,4671.58465,omathetod@technorati.com,Room 328,
879,Archambault,Paddy,4303.74875,apaddyoe@tinyurl.com,PO Box 55524,
880,Julio,Ruxton,320.28208,jruxtonof@domainmarket.com,10th Floor,
881,Prudence,Qualtro,7174.32138,pqualtroog@angelfire.com,Apt 603,
882,Sybyl,Bonnier,2028.78995,sbonnieroh@paginegialle.it,Suite 81,
883,Henryetta,Philpin,5409.83123,hphilpinoi@sohu.com,Room 1516,
884,Billy,Aspel,7394.98055,baspeloj@fda.gov,PO Box 84550,
885,Drud,Domoney,2784.21188,ddomoneyok@epa.gov,Suite 100,
886,Rhiamon,Brandes,2983.54562,rbrandesol@mapquest.com,PO Box 90588,
887,Marthe,Rowlands,9958.14313,mrowlandsom@google.co.jp,17th Floor,
888,Janeczka,Carsberg,1633.00677,jcarsbergon@whitehouse.gov,7th Floor,
889,Fran,Rathe,2449.21966,fratheoo@taobao.com,17th Floor,
890,Annmarie,Pickton,1847.85082,apicktonop@taobao.com,PO Box 76633,
891,Marne,Fevier,9001.69011,mfevieroq@vinaora.com,9th Floor,
892,Annabela,Verrillo,9220.50365,averrilloor@europa.eu,PO Box 43351,
893,Drusilla,Eldon,7594.06179,deldonos@dailymail.co.uk,PO Box 70660,
894,Pete,Frear,5429.96284,pfrearot@arizona.edu,Suite 69,
895,Oliy,Hamments,621.57692,ohammentsou@ucoz.com,PO Box 34494,
896,Bourke,Agett,6478.75137,bagettov@boston.com,10th Floor,
897,Anthony,Roff,8187.02286,aroffow@mapquest.com,PO Box 3972,
898,Karyn,Hughes,1052.63638,khughesox@irs.gov,Apt 1472,
899,Hillard,Lawlor,8434.03678,hlawloroy@upenn.edu,PO Box 21691,
900,Cora,Gately,4924.95966,cgatelyoz@wufoo.com,Suite 86,
901,Lexine,Thompson,1435.08725,lthompsonp0@shareasale.com,Room 764,
902,Raddie,Averay,7079.10851,raverayp1@vimeo.com,Apt 1753,
903,Sargent,Newall,6055.6419,snewallp2@cargocollective.com,PO Box 36318,
904,Lily,Melpuss,465.64158,lmelpussp3@imageshack.us,PO Box 19018,
905,Ralph,Wilson,5068.73063,rwilsonp4@elegantthemes.com,Room 1003,
906,Trip,Frigout,6008.26991,tfrigoutp5@phpbb.com,PO Box 61701,
907,Roi,Mulhall,1169.69546,rmulhallp6@usatoday.com,PO Box 81263,
908,Delilah,Winkett,3303.53979,dwinkettp7@intel.com,Suite 32,
909,Kettie,Zealey,5332.45334,kzealeyp8@nytimes.com,11th Floor,
910,Cosette,Eckley,8591.50632,ceckleyp9@weather.com,Apt 1989,
911,Keefer,Caplin,6729.83253,kcaplinpa@odnoklassniki.ru,PO Box 72719,
912,Sissy,Renals,5701.88203,srenalspb@youku.com,PO Box 49378,
913,Leola,Towsie,8622.73914,ltowsiepc@buzzfeed.com,Apt 1882,
914,Margareta,Mobbs,9385.89246,mmobbspd@google.pl,Apt 953,
915,Evin,Rulton,1499.85218,erultonpe@cornell.edu,Apt 861,
916,Neil,Flecknoe,3021.18489,nflecknoepf@deviantart.com,PO Box 75532,
917,Cherida,Oland,7260.00732,colandpg@usgs.gov,6th Floor,
918,Beret,Grannell,1390.93693,bgrannellph@sphinn.com,2nd Floor,
919,Eddie,Enderson,3986.05898,eendersonpi@disqus.com,PO Box 92491,
920,Brandyn,Abramamovh,9824.98497,babramamovhpj@netvibes.com,Apt 797,
921,Jannelle,Martijn,178.4691,jmartijnpk@cornell.edu,PO Box 88322,
922,Corby,Jacob,4690.8265,cjacobpl@over-blog.com,PO Box 44759,
923,Douglass,Pelosi,516.41046,dpelosipm@jalbum.net,Apt 110,
924,Consuela,Barensen,415.94119,cbarensenpn@yale.edu,7th Floor,
925,Ealasaid,Hennemann,5982.83858,ehennemannpo@linkedin.com,2nd Floor,
926,Andris,Paaso,8048.78432,apaasopp@cmu.edu,16th Floor,
927,Maxwell,Cozby,3021.90271,mcozbypq@liveinternet.ru,Suite 71,
928,Abran,Fiorentino,753.67955,afiorentinopr@usa.gov,Apt 1133,
929,Rubin,Skynner,7455.22207,rskynnerps@bandcamp.com,Room 1443,
930,Allan,Rawles,7121.22878,arawlespt@php.net,Room 288,
931,Clarke,Elcome,7678.43998,celcomepu@friendfeed.com,Room 608,
932,Darrell,Flipek,6772.18151,dflipekpv@github.io,PO Box 64004,
933,Antonin,Matusov,8375.74205,amatusovpw@elpais.com,PO Box 58726,
934,Herc,Yarrow,4336.7443,hyarrowpx@nature.com,2nd Floor,
935,Linell,Clemendot,7077.99766,lclemendotpy@nhs.uk,1st Floor,
936,Leona,Mazzeo,8471.98494,lmazzeopz@cisco.com,Apt 392,
937,Linnie,Loyley,2092.79869,lloyleyq0@blogger.com,PO Box 87104,
938,Hugibert,Tibald,9928.68593,htibaldq1@godaddy.com,Suite 74,
939,Ephrayim,Fomichyov,8216.75716,efomichyovq2@craigslist.org,PO Box 84250,
940,Petunia,Tallman,3318.76404,ptallmanq3@google.es,Room 1311,
941,Hugo,Merrall,2798.73324,hmerrallq4@google.com.br,PO Box 46546,
942,Marys,Gutridge,8071.9462,mgutridgeq5@merriam-webster.com,Suite 33,
943,Emlynne,Amiranda,6637.89176,eamirandaq6@thetimes.co.uk,PO Box 84171,
944,Rosella,Fairlie,182.29587,rfairlieq7@zdnet.com,10th Floor,
945,Elliot,Grunder,9212.04178,egrunderq8@github.com,Apt 1913,
946,Rorie,Bakewell,6412.44735,rbakewellq9@tuttocitta.it,Room 52,
947,Zitella,Bishop,3291.15217,zbishopqa@vistaprint.com,Room 556,
948,Debby,Hansom,9772.62158,dhansomqb@pinterest.com,12th Floor,
949,Tanitansy,Gladdis,7370.91704,tgladdisqc@twitpic.com,6th Floor,
950,Dominica,Larham,6440.94294,dlarhamqd@tuttocitta.it,PO Box 20010,
951,Flint,Stanyard,5249.49647,fstanyardqe@mit.edu,Suite 12,
952,Mattie,Cluley,3533.70041,mcluleyqf@admin.ch,PO Box 40603,
953,Janeta,Watman,5305.02627,jwatmanqg@creativecommons.org,Suite 45,
954,Merrel,Umpleby,6359.46482,mumplebyqh@posterous.com,Suite 74,
955,Tan,Shillaber,3866.3498,tshillaberqi@cafepress.com,Apt 1552,
956,Daven,Polendine,3307.1464,dpolendineqj@edublogs.org,Suite 89,
957,Leelah,Refford,399.95301,lreffordqk@google.nl,4th Floor,
958,Burt,Nathan,748.13164,bnathanql@nps.gov,Room 184,
959,Issy,Benedicto,8622.68418,ibenedictoqm@disqus.com,Apt 486,
960,Rebeka,Allchorne,6256.9476,rallchorneqn@cnn.com,Apt 1047,
961,Lena,Osborne,4249.7416,losborneqo@accuweather.com,10th Floor,
962,Lilllie,Minto,5812.10511,lmintoqp@boston.com,6th Floor,
963,Odelia,Engledow,803.57355,oengledowqq@imdb.com,Room 1103,
964,Jaquenette,Reilingen,3352.07636,jreilingenqr@npr.org,Room 1013,
965,Corilla,Durak,5124.07036,cdurakqs@ucla.edu,Apt 681,
966,Tonie,Speares,9033.37431,tspearesqt@skyrock.com,15th Floor,
967,Koralle,Wann,7356.19533,kwannqu@wisc.edu,PO Box 9576,
968,Miltie,Rae,607.91156,mraeqv@about.com,Room 1759,
969,Genevra,Fairnie,4875.56432,gfairnieqw@arstechnica.com,Suite 25,
970,Blane,Denne,7008.02823,bdenneqx@foxnews.com,Suite 38,
971,Sonja,Campany,1358.15505,scampanyqy@cam.ac.uk,Suite 22,
972,Stanly,Hughs,8654.61406,shughsqz@discuz.net,Suite 30,
973,Florencia,Ondra,9653.20191,fondrar0@comsenz.com,PO Box 59803,
974,Brandais,Farndon,7614.97108,bfarndonr1@globo.com,Suite 92,
975,Jasen,Kitchingman,5787.7146,jkitchingmanr2@eventbrite.com,Apt 1521,
976,Marchelle,Costell,4053.52683,mcostellr3@comsenz.com,Suite 63,
977,Pete,McGonigal,604.01165,pmcgonigalr4@elpais.com,PO Box 66438,
978,Kellyann,Josifovitz,5250.22315,kjosifovitzr5@nytimes.com,PO Box 52519,
979,Chadd,McEwen,9579.14012,cmcewenr6@google.co.uk,9th Floor,
980,Clerkclaude,Pauleau,3475.16182,cpauleaur7@lycos.com,Suite 20,
981,Sumner,Willson,9097.24676,swillsonr8@google.cn,Suite 10,
982,Karalee,Gallamore,1196.4299,kgallamorer9@skype.com,PO Box 34289,
983,Moyna,Jaume,1988.49141,mjaumera@list-manage.com,Apt 1378,
984,Heriberto,Rothera,6058.36105,hrotherarb@flickr.com,Room 252,
985,Thedric,Glancey,4016.03544,tglanceyrc@angelfire.com,Room 442,
986,Bella,Rees,5713.11803,breesrd@google.co.uk,Room 276,
987,Kelly,Pearcey,6989.67395,kpearceyre@answers.com,Room 1661,
988,Linnie,Rodders,2187.07571,lroddersrf@ox.ac.uk,Suite 9,
989,Debbie,Scotchmer,2940.56521,dscotchmerrg@godaddy.com,Apt 1129,
990,Austina,Alps,3711.30565,aalpsrh@miibeian.gov.cn,Suite 52,
991,Reidar,Menelaws,1117.74664,rmenelawsri@github.com,Apt 1419,
992,Rickert,Baskeyfied,4205.38733,rbaskeyfiedrj@adobe.com,Room 1187,
993,Arabele,Vasyukhin,9338.74259,avasyukhinrk@sphinn.com,Apt 1974,
994,Cherri,Dabernott,506.43549,cdabernottrl@icio.us,Suite 79,
995,Monique,Martyntsev,6684.69129,mmartyntsevrm@youku.com,Apt 1546,
996,Jordana,Adami,4277.87534,jadamirn@amazon.co.jp,Apt 1577,
997,Sigismundo,Hallows,2730.3941,shallowsro@youtube.com,PO Box 66057,
998,Stavros,Saunton,7999.11509,ssauntonrp@cornell.edu,Room 290,
999,Tanya,Vanyukov,2953.81203,tvanyukovrq@trellian.com,3rd Floor,
1000,Jacki,Huggan,6347.9971,jhugganrr@sina.com.cn,Room 564,
